{"barriers":[{"position":[-6.322483062744141,0.02499999850988388,-11.245182991027832],"rotation":[8.537736562175269e-7,270.2659606933594,333.1139221191406],"type":0},{"position":[34.46134567260742,0.0,32.71941375732422],"rotation":[0.0,271.9217834472656,0.0],"type":0},{"position":[65.1457290649414,7.450580596923828e-9,-63.63755798339844],"rotation":[0.0,270.142333984375,-8.080926932052535e-7],"type":0},{"position":[97.70104217529297,7.450580596923828e-9,-63.63756561279297],"rotation":[0.0,270.1416320800781,-9.539622851661989e-7],"type":1}]}