{"barriers":[{"position":[-20.101009368896486,-7.450580596923828e-9,-11.64496898651123],"rotation":[0.0,270.270751953125,8.301404363919573e-7],"type":0},{"position":[23.294391632080079,7.450580596923828e-9,-10.982410430908204],"rotation":[2.5444437748716084e-14,91.41604614257813,-8.450494419776078e-7],"type":0},{"position":[66.02692413330078,7.450580596923828e-9,-62.65925598144531],"rotation":[5.0888875497432168e-14,90.14208984375,-9.439759196538944e-7],"type":0},{"position":[96.83416748046875,7.450580596923828e-9,-64.31547546386719],"rotation":[1.2722218874358042e-14,270.14190673828127,-3.785987985338579e-7],"type":1}]}