{"barriers":[{"position":[10.131458282470704,-7.450580596923828e-9,-11.627218246459961],"rotation":[0.0,270.27093505859377,0.0000012074558526364854]},{"position":[33.31867980957031,-0.10000000149011612,-50.44147491455078],"rotation":[0.0,90.0,0.45261678099632265]},{"position":[66.76126098632813,7.450580596923828e-9,-36.97526550292969],"rotation":[-2.5444437748716084e-14,91.2952651977539,-6.430095709220041e-7]}]}