{"barriers":[{"position":[26.417903900146486,0.0,32.56019592285156],"rotation":[0.0,271.9388122558594,0.0]}]}