{"barriers":[{"position":[9.245258331298829,-7.450580596923828e-9,-35.728843688964847],"rotation":[-4.071110039794573e-13,245.09512329101563,0.000006287523774517467],"type":0},{"position":[-60.55100631713867,0.0,-39.66115951538086],"rotation":[0.0,46.235076904296878,0.0],"type":2},{"position":[34.78725814819336,7.450580596923828e-9,94.08686065673828],"rotation":[-2.5444437748716084e-14,349.0118713378906,-0.000004217052719468484],"type":0},{"position":[-36.69651412963867,2.9802322387695315e-8,71.69944763183594],"rotation":[3.2568880318356586e-12,256.8707580566406,-0.00008206370694097131],"type":1}]}