{"barriers":[{"position":[15.19876480102539,7.450580596923828e-9,-5.832448959350586],"rotation":[0.0,30.697656631469728,0.0]},{"position":[29.192474365234376,7.450580596923828e-9,-11.889483451843262],"rotation":[0.0,30.697656631469728,0.0]},{"position":[-4.225276947021484,-7.450580596923828e-9,-11.054080963134766],"rotation":[0.0,30.697656631469728,0.0]}]}