{"barriers":[{"position":[44.73713302612305,7.450580596923828e-9,-11.36873722076416],"rotation":[2.5444437748716084e-14,91.41596221923828,-6.579273303941591e-7]},{"position":[-26.7565975189209,0.0,-35.450435638427737],"rotation":[0.0,180.89346313476563,0.0]}]}