{"barriers":[{"position":[35.245052337646487,0.0,33.528812408447269],"rotation":[0.0,91.93910217285156,0.0]},{"position":[15.060046195983887,7.450580596923828e-9,17.51239013671875],"rotation":[-2.5444437748716084e-14,178.59136962890626,-0.000006181883236422436]},{"position":[90.31476593017578,-1.4901161193847657e-8,30.457048416137697],"rotation":[0.0,270.92138671875,9.106947231884988e-7]},{"position":[-7.318579196929932,-7.450580596923828e-9,-11.887285232543946],"rotation":[0.0,270.2708435058594,6.132446515039192e-7]}]}