{"barriers":[{"position":[15.273799896240235,0.0,-6.109487533569336],"rotation":[0.0,30.697656631469728,0.0]},{"position":[-6.460857391357422,0.0,-11.260890007019043],"rotation":[0.0,30.697656631469728,0.0]}]}