{"barriers":[{"position":[-0.15813827514648438,-7.450580596923828e-9,-10.61842155456543],"rotation":[0.0,0.0,0.0]},{"position":[-18.12472915649414,7.450580596923828e-9,34.28683853149414],"rotation":[0.0,0.0,0.0]}]}