{"barriers":[{"position":[-12.135009765625,-7.450580596923828e-9,-11.028135299682618],"rotation":[1.0177775099486433e-13,90.26998901367188,0.0000030436358429142276]},{"position":[47.31587600708008,0.0,31.685680389404298],"rotation":[0.0,271.93902587890627,0.0]}]}