{"barriers":[{"position":[-16.139026641845704,-7.450580596923828e-9,13.427915573120118],"rotation":[-1.5266662988042828e-13,337.5704345703125,0.0000035100715649605265],"type":0},{"position":[59.670570373535159,0.0,19.300939559936525],"rotation":[0.0,199.13363647460938,0.0],"type":0}]}