{"barriers":[{"position":[-11.363189697265625,-0.10000000149011612,-22.499881744384767],"rotation":[0.0,270.2709045410156,0.5057887434959412]},{"position":[-10.399898529052735,4.910592079162598,-21.3266544342041],"rotation":[0.0,270.2709045410156,334.18206787109377]},{"position":[46.30386734008789,0.0,32.35924530029297],"rotation":[0.0,91.93740844726563,0.0]}]}