{"barriers":[{"position":[-8.530318260192871,0.0,-11.594069480895996],"rotation":[0.0,270.2709045410156,0.0]}]}