{"barriers":[{"position":[-22.548023223876954,2.9802322387695315e-8,33.98175811767578],"rotation":[2.0355550198972866e-13,165.85533142089845,-0.000009060402589966543],"type":0}]}