{"barriers":[{"position":[-76.48748016357422,-0.10000000149011612,66.08553314208985],"rotation":[0.0,33.27744674682617,0.09798124432563782]},{"position":[15.279006004333496,7.450580596923828e-9,18.280424118041993],"rotation":[-3.1805547185895105e-15,178.59127807617188,-0.0000013912222129874863]}]}