{"barriers":[{"position":[-9.52983283996582,-7.450580596923828e-9,-10.218538284301758],"rotation":[0.0,0.0,0.0]},{"position":[42.65052795410156,7.450580596923828e-9,-12.307249069213868],"rotation":[0.0,0.0,0.0]}]}