{"barriers":[{"position":[46.528076171875,7.450580596923828e-9,-11.680670738220215],"rotation":[0.0,30.697656631469728,0.0]},{"position":[-17.174633026123048,-7.450580596923828e-9,-11.680663108825684],"rotation":[0.0,30.697656631469728,0.0]},{"position":[14.989952087402344,7.450580596923828e-9,-4.579265594482422],"rotation":[0.0,30.697656631469728,0.0]}]}