{"barriers":[{"position":[15.351505279541016,7.450580596923828e-9,-3.944939613342285],"rotation":[0.0,30.697656631469728,0.0]},{"position":[-8.432598114013672,-7.450580596923828e-9,-11.030312538146973],"rotation":[0.0,30.697656631469728,0.0]}]}