{"barriers":[{"position":[15.408622741699219,1.4901161193847657e-8,8.410319328308106],"rotation":[-2.544443876515562e-13,178.59097290039063,-0.000004409855591802625]},{"position":[24.42032241821289,7.450580596923828e-9,-11.331255912780762],"rotation":[0.0,91.41596221923828,-0.0000023169391170085875]}]}