{"barriers":[{"position":[15.492759704589844,7.450580596923828e-9,-4.50437068939209],"rotation":[0.0,30.697656631469728,0.0]},{"position":[8.125934600830079,-7.450580596923828e-9,-11.496545791625977],"rotation":[0.0,30.697656631469728,0.0]}]}
