{"barriers":[{"position":[17.365224838256837,-2.4484095573425295,-10.739362716674805],"rotation":[306.7812805175781,354.4545593261719,18.804039001464845]},{"position":[10.533803939819336,6.257617473602295,46.2663459777832],"rotation":[359.8841857910156,27.25749969482422,90.22360229492188]}]}