{"barriers":[{"position":[60.397403717041019,1.4901161193847657e-8,-49.785030364990237],"rotation":[9.382636133965436e-14,358.2100830078125,-0.0000014564149068974075]},{"position":[14.948554039001465,7.450580596923828e-9,14.378183364868164],"rotation":[0.0,358.59161376953127,-0.0000035720172490982806]},{"position":[-6.662341594696045,-7.450580596923828e-9,-11.465405464172364],"rotation":[1.0177775099486433e-13,270.2709655761719,0.0000015744466281830683]}]}