{"barriers":[{"position":[-11.150779724121094,-7.450580596923828e-9,-10.825824737548829],"rotation":[0.0,90.27083587646485,0.0000012294505040699733]},{"position":[42.66722106933594,7.450580596923828e-9,-11.364872932434082],"rotation":[0.0,91.41607666015625,-7.096462582012464e-7]}]}