{"sensors":[{"position":[29.921281814575197,0.0,33.00345993041992],"rotation":[0.0,91.93883514404297,0.0]},{"position":[14.630373001098633,7.450580596923828e-9,9.386387825012207],"rotation":[1.669791285493008e-14,358.5906066894531,-7.617592814312957e-7]}]}