{"sensors":[{"position":[26.888296127319337,0.0,32.890865325927737],"rotation":[0.0,271.94049072265627,0.0]},{"position":[15.34770679473877,7.450580596923828e-9,16.900955200195314],"rotation":[-1.7174995692141592e-13,178.59088134765626,-0.0000012497183661253076]}]}