{"sensors":[{"position":[23.77437973022461,0.0,33.98676681518555],"rotation":[0.0,91.93931579589844,0.0]}]}