{"sensors":[{"position":[26.452423095703126,0.0,33.69415283203125],"rotation":[0.0,91.93926239013672,0.0]},{"position":[14.749858856201172,7.450580596923828e-9,11.988039016723633],"rotation":[-4.1347211976938347e-14,358.5905456542969,-0.0000011324963224979002]}]}