{"sensors":[{"position":[29.429277420043947,0.0,31.52849006652832],"rotation":[0.0,271.93927001953127,0.0]}]}