{"sensors":[{"position":[31.886859893798829,0.0,33.03732681274414],"rotation":[0.0,91.93919372558594,0.0]}]}